556,562,2020-12-19,04:03:28
557,562,2020-12-19,04:00:26
557,562,2020-12-19,04:01:27
557,562,2020-12-19,04:02:27
557,563,2020-12-19,04:10:35
557,563,2020-12-19,04:06:35
557,563,2020-12-19,04:04:34
558,563,2020-12-19,03:58:26
558,563,2020-12-19,03:59:26
558,563,2020-12-19,03:56:25
558,563,2020-12-19,03:54:25
558,563,2020-12-19,04:16:37
558,563,2020-12-19,03:53:25
558,563,2020-12-19,04:08:35
558,563,2020-12-19,04:12:37
558,563,2020-12-19,03:55:25
558,563,2020-12-19,04:05:34
559,563,2020-12-19,04:28:43
559,563,2020-12-19,03:57:25
559,563,2020-12-19,04:13:37
